Charge;Nummer;Mittenrauwert;Quadratischer Mittelwert;Rautiefe;Höhe;Breite;E-Modul;Zugfestigkeit;Dehnung bei Zugfestigkeit;Maximalspannung;Bruchspannung;Maximalkraft;Dehnung bei Maximalspannung;Bruchdehnung;Anfangsfläche;Angaben zum Bruch
-;-;Ra;Rq;Rz;h;b;Et;sY;eY;sM;sB;FM;eM;eB;A0;-
-;-;-;-;-;mm;mm;MPa;MPa;%;MPa;MPa;N;%;%;mm²;-
1;1;0.119;0.145;0.686;4.05;9.6;2390.0104;65.944185;4.05245066;65.944185;41.7124305;2563.90991;4.05245066;64.6136134;38.88;break
1;2;0.097;0.124;0.624;3.98;9.59;2397.77702;67.1797882;4.04710627;67.1797882;43.212709;2564.13159;4.04710627;44.3154026;38.1682;break
1;3;0.106;0.132;0.731;4.02;9.56;2409.36168;66.7453973;4.06245995;66.7453973;46.5837213;2565.10571;4.06245995;49.3476878;38.4312;break
1;4;0.099;0.122;0.645;3.98;9.59;2450.53168;67.5467264;4.0186882;67.5467264;43.5237199;2578.13696;4.0186882;55.0768323;38.1682;break
1;5;0.199;0.258;1.802;4;9.52;2460.59988;68.2352851;4.06131983;68.2352851;43.0363855;2598.39966;4.06131983;40.1929901;38.08;break
1;6;0.109;0.136;0.712;4;9.51;2396.39637;68.6397067;4.07549;68.6397067;40.408967;2611.05444;4.07549;48.9371178;38.04;break
1;7;0.125;0.154;0.775;4.01;9.6;2402.62617;67.5828384;4.06669235;67.5828384;44.1415934;2601.66895;4.06669235;57.900907;38.496;break
1;8;0.121;0.156;0.800;4.01;9.61;2383.30482;67.5278571;4.0481596;67.5278571;42.9530281;2602.26025;4.0481596;62.6340678;38.5361;break
1;9;0.800;0.097;0.448;4.03;9.61;2368.94429;67.1647922;4.05508995;67.1647922;40.5490873;2601.17822;4.05508995;34.7269564;38.7283;break
1;10;0.116;0.161;1.032;3.99;9.61;2417.15551;67.9928957;4.04169893;67.9928957;42.0836526;2607.11279;4.04169893;40.0829982;38.3439;break
2;11;0.103;0.127;0.683;4.04;9.57;2353.22194;64.6913236;3.97394347;64.6913236;57.0924949;2501.14771;3.97394347;10.0585043;38.6628;break
2;12;0.377;0.580;2.568;4.03;9.67;2348.45142;65.7944829;4.071558;65.7944829;40.7540982;2564.01758;4.071558;42.5245289;38.9701;break
2;13;0.137;0.170;0.633;4.03;9.62;2364.63205;66.3878793;4.06689119;66.3878793;41.9613606;2573.76514;4.06689119;44.6462939;38.7686;break
2;14;1.056;1.288;3.927;4;9.53;2360.80481;67.7305976;4.06718111;67.7305976;46.8359132;2581.89038;4.06718111;80.2298453;38.12;break
2;15;0.111;0.150;1.062;4.01;9.51;2380.33145;67.6083252;4.06599951;67.6083252;42.878875;2578.25024;4.06599951;48.9619554;38.1351;break
2;16;0.124;0.163;0.980;4;9.49;2426.87578;68.4442968;4.05389214;68.4442968;41.752893;2598.14551;4.05389214;41.6184146;37.96;break
2;17;0.972;1.279;3.392;4.03;9.61;2374.19437;66.8567568;4.0685277;66.8567568;33.3854455;2589.24854;4.0685277;26.9322461;38.7283;break
2;18;0.159;0.203;0.988;4.01;9.53;2403.86625;67.8336095;4.07114601;67.8336095;45.1895063;2592.28174;4.07114601;83.2077895;38.2153;break
2;19;0.073;0.092;0.547;4.03;9.57;2416.99922;62.1816147;3.33049226;62.1816147;18.6462639;2398.16455;3.33049226;3.03970554;38.5671;break
2;20;0.086;0.134;0.830;4.03;9.63;2354.4102;66.2535159;4.07973003;66.2535159;58.1528753;2571.22607;4.07973003;7.50453521;38.8089;break
3;21;0.153;0.204;0.910;4.01;9.64;2405.76709;65.3655949;4.07233429;65.3655949;42.1491992;2526.79858;4.07233429;39.8807362;38.6564;break
3;22;0.127;0.177;0.789;4.03;9.66;2369.99695;;;54.4585146;52.3770436;2120.05908;2.49515128;2.49971366;38.9298;break
3;23;0.107;0.137;0.769;4.03;9.65;2410.66409;65.5025791;3.96980357;65.5025791;46.9525591;2547.36255;3.96980357;11.0166119;38.8895;break
3;24;0.099;0.128;0.801;4.02;9.62;2401.4816;65.1688628;3.96272159;65.1688628;43.5395352;2520.23633;3.96272159;11.6211419;38.6724;break
3;25;0.193;0.253;1.088;4.01;9.59;2381.73646;65.7142934;3.76411057;65.7142934;37.3416139;2527.10229;3.76411057;5.64684433;38.4559;break
3;26;0.176;0.219;1.070;4.03;9.63;2405.24058;65.76105;3.95940995;65.76105;58.520468;2552.11401;3.95940995;6.54162098;38.8089;break
3;27;0.246;0.318;1.501;4.03;9.63;2325.1797;63.4826143;3.33068132;63.4826143;37.6629671;2463.69043;3.33068132;5.99344756;38.8089;break
3;28;0.137;0.170;0.909;4.01;9.64;2424.82722;66.3377579;4.06356525;66.3377579;63.4274583;2564.37891;4.06356525;6.00215994;38.6564;break
3;29;0.143;0.186;0.940;4.03;9.61;2410.53426;;;64.9107137;64.2656952;2513.88159;3.46473789;3.46926212;38.7283;break
3;30;0.161;0.222;0.135;4.03;9.63;2438.76826;65.4028558;3.97395205;65.4028558;36.0844756;2538.21289;3.97395205;7.06497747;38.8089;break
4;31;0.791;0.984;3.165;4.03;9.57;2430.09929305422;63.4962306866636;3.34989166259766;63.4962306866636;36.7844276902301;2448.86547851562;3.34989166259766;3.31694375967499;38.5671;break
4;32;0.084;0.107;0.721;4.02;9.63;2405.725923488;66.2846280789394;4.05818843841553;66.2846280789394;43.1485473994174;2566.05029296875;4.05818843841553;64.7423632610735;38.7126;break
4;33;0.681;0.920;1.377;4.04;9.57;2425.47365761123;66.5537176865585;4.07435703277588;66.5537176865585;41.8421611321962;2573.15307617187;4.07435703277588;45.2931548451358;38.6628;break
4;34;0.263;0.382;1.111;4.04;9.63;2403.888017231;66.2068445180528;4.08561086654663;66.2068445180528;39.3566030677615;2575.79052734375;4.08561086654663;16.3420450196171;38.9052;break
4;35;0.125;0.153;0.666;4.05;9.63;2315.90098483361;65.8875399824366;4.07087135314941;65.8875399824366;54.4951809245317;2569.712890625;4.07087135314941;14.1924770694872;39.0015;break
4;37;0.050;0.082;0.326;4.03;9.63;2387.34065030825;66.7605136865352;4.05335092544556;66.7605136865352;43.1647449304476;2590.90209960937;4.05335092544556;59.4311764985543;38.8089;break
4;38;0.123;0.159;0.830;4.02;9.62;2336.03566897734;66.3747491650214;4.05673933029175;66.3747491650214;43.1923460806754;2566.87084960937;4.05673933029175;61.6849785593278;38.6724;break
4;39;0.150;0.192;0.743;4.01;9.6;2378.32977766254;67.0911768329015;4.05267190933228;67.0911768329015;40.4815832377471;2582.74194335937;4.05267190933228;13.8851512162887;38.496;break
4;40;0.119;0.151;0.795;4.03;9.58;2394.86839553128;67.1904311495335;4.0766749382019;67.1904311495335;35.2343372603115;2594.0478515625;4.0766749382019;25.7869875884504;38.6074;break
4;41;0.123;0.159;0.908;4;9.63;2367.73370608998;67.6853643399533;4.09172868728638;67.6853643399533;36.0009119146709;2607.240234375;4.09172868728638;22.6771070079307;38.52;break
4;42;0.257;0.383;1.692;3.99;9.59;2458.12736424142;67.8479788026669;4.05189085006714;67.8479788026669;44.0257630826774;2596.14184570313;4.05189085006714;62.5738182785798;38.2641;break
5;46;0.508;0.687;2.209;4.03;9.63;2406.50964;66.7201454;4.01701498;66.7201454;44.2874022;2589.33545;4.01701498;61.0034717;38.8089;break
5;47;0.122;0.161;0.751;4.02;9.62;2428.7486;67.2799452;4.04183054;67.2799452;39.1473316;2601.87695;4.04183054;49.3089304;38.6724;break
5;48;0.121;0.154;0.904;3.99;9.54;2459.67777;68.0488228;4.06520271;68.0488228;44.2369214;2590.25122;4.06520271;58.6173909;38.0646;break
5;49;0.112;0.145;0.886;4.01;9.62;2435.1539;67.4567062;4.07971573;67.4567062;37.9575473;2602.22339;4.07971573;21.0739686;38.5762;break
5;50;0.027;0.035;0.177;4.03;9.6;2430.91905;67.6270604;4.09080219;67.6270604;41.6241055;2616.35571;4.09080219;38.9551524;38.688;break
5;51;0.134;0.174;1.049;4.03;9.63;2414.42697;67.1639076;4.02350473;67.1639076;40.8761589;2606.55737;4.02350473;32.6362768;38.8089;break
5;52;0.124;0.160;0.850;4.02;9.62;2394.39023;67.3551715;4.10114384;67.3551715;42.8079195;2604.78613;4.10114384;42.215122;38.6724;break
5;53;0.134;0.175;0.926;4.01;9.6;2409.71841;67.4326097;4.10126781;67.4326097;44.2379502;2595.88574;4.10126781;62.8138025;38.496;break
5;55;0.129;0.171;1.072;4.02;9.65;2469.8903;67.224898;4.04210567;67.224898;41.6012749;2607.85547;4.04210567;52.3867005;38.793;break
6;56;0.769;1.050;3.761;4.02;9.62;2418.55785;67.479671;4.13264465;67.479671;42.4861372;2609.60083;4.13264465;43.342477;38.6724;break
6;58;0.604;0.878;3.343;4.03;9.64;2328.85906;67.0303554;4.08196592;67.0303554;41.375835;2604.07568;4.08196592;52.6441564;38.8492;break
6;59;0.102;0.147;0.854;4.03;9.63;2359.21229;;;66.5946053;66.0324809;2584.46338;3.79047871;3.79565907;38.8089;break
6;61;0.905;1.134;3.471;4.03;9.65;2437.81986;67.0031812;4.09369135;67.0031812;42.0886805;2605.72021;4.09369135;50.6848037;38.8895;break
6;62;0.085;0.107;0.594;4.02;9.65;2467.02351;67.3083676;4.10257483;67.3083676;63.621223;2611.09351;4.10257483;7.04120531;38.793;break
6;63;0.685;0.910;3.303;4.01;9.63;2410.51052;67.2233611;4.09148693;67.2233611;42.4759408;2595.91748;4.09148693;49.406034;38.6163;break
6;64;0.608;0.844;3.197;4.02;9.64;2445.19343;67.1827337;4.07472086;67.1827337;43.3937836;2603.51904;4.07472086;50.4618787;38.7528;break
6;65;0.137;0.177;1.064;4.02;9.64;2375.23336;66.8766192;4.06616068;66.8766192;43.1777961;2591.65625;4.06616068;51.3293953;38.7528;break
6;66;0.109;0.147;0.871;4.03;9.63;2402.37247;66.611188;4.10708094;66.611188;41.7679989;2585.10693;4.10708094;67.937144;38.8089;break
6;67;0.135;0.173;0.921;4.02;9.63;2402.83003;66.342118;4.07998133;66.342118;41.9147583;2568.27588;4.07998133;51.2122407;38.7126;break
6;68;0.154;0.195;1.115;4.04;9.63;2380.08012;66.4818833;4.04007578;66.4818833;42.3196788;2586.49097;4.04007578;44.9680755;38.9052;break
7;69;0.525;0.724;2.546;4.02;9.63;2391.52225;67.1905491;4.12713242;67.1905491;41.8624523;2601.12085;4.12713242;42.4237107;38.7126;break
7;70;0.075;0.103;0.655;4;9.62;2422.98562;;;41.3469501;41.2851282;1591.03064;1.70790446;1.71219981;38.48;break
7;71;0.160;0.211;1.268;4.03;9.63;2415.33832;;;64.9710021;61.7622202;2521.45313;3.3291254;3.33830357;38.8089;break
7;72;0.163;0.221;1.385;4.02;9.63;2410.60156;67.092275;4.09990597;67.092275;43.1291455;2597.31641;4.09990597;55.1504807;38.7126;break
7;73;0.527;0.838;3.906;4.03;9.64;2407.13785;66.0741654;4.09524155;66.0741654;41.2268496;2566.92847;4.09524155;31.7088628;38.8492;break
7;74;0.227;0.310;1.810;4.02;9.64;2403.96078;66.3910759;4.04309034;66.3910759;43.0672005;2572.84009;4.04309034;60.2935022;38.7528;break
7;75;0.205;0.268;1.291;4.02;9.65;2373.31346;66.513943;4.0637517;66.513943;42.9973316;2580.27539;4.0637517;52.561927;38.793;break
7;76;0.138;0.182;1.096;4.02;9.65;2418.6791;66.7693488;4.01801729;66.7693488;43.3172638;2590.18335;4.01801729;59.4963458;38.793;break
7;77;1.286;1.670;4.302;4.02;9.64;2368.63688;67.198156;4.07233477;67.198156;44.7342455;2604.1167;4.07233477;70.3227247;38.7528;break
7;78;0.177;0.235;1.383;4.03;9.64;2401.59733;66.6077226;4.08101034;66.6077226;42.4024377;2587.65674;4.08101034;79.6913404;38.8492;break
8;79;0.650;0.811;3.610;4.02;9.66;2394.84924;;;57.7998648;57.2606999;2244.55371;2.65954447;2.66449976;38.8332;break
8;80;0.135;0.178;1.222;4.03;9.65;2412.00862;66.5866301;4.05759001;66.5866301;41.2787999;2589.52075;4.05759001;44.2257156;38.8895;break
8;81;0.137;0.181;1.212;4.05;9.65;2356.06895;65.4796119;4.08051538;65.4796119;41.0217219;2559.10693;4.08051538;48.0392124;39.0825;break
8;84;0.133;0.182;1.332;4.02;9.65;2424.58246;66.9420717;4.04966402;66.9420717;40.0399278;2596.88379;4.04966402;54.7941846;38.793;break
8;85;0.769;1.085;4.957;4.02;9.65;2411.98032;;;65.1569181;63.3307188;2527.63232;3.35512304;3.35971594;38.793;break
8;86;0.083;0.107;0.694;4.02;9.65;2394.28666;;;62.8190197;62.6174289;2436.93823;3.07471442;3.08028388;38.793;break
8;87;0.153;0.210;1.491;4.02;9.66;2395.59719;66.6646707;4.09513283;66.6646707;42.731525;2588.80249;4.09513283;52.811372;38.8332;break
8;88;0.109;0.152;1.112;4.03;9.64;2369.52767;66.121436;4.16473341;66.121436;41.0633412;2568.76489;4.16473341;43.5613971;38.8492;break
8;89;0.129;0.175;1.201;4.03;9.64;2365.95994;67.0895474;4.11133575;67.0895474;42.8783112;2606.37524;4.11133575;47.6334194;38.8492;break
8;90;0.086;0.111;0.661;4.01;9.65;2398.91486;67.1569715;4.12342834;67.1569715;41.9460332;2598.73975;4.12342834;54.662245;38.6965;break
9;105;0.158;0.226;1.810;4.01;9.65;2450.41435;66.6608291;4.08433962;66.6608291;37.5284863;2579.54077;4.08433962;51.3159257;38.6965;break
9;106;0.080;0.114;0.788;4;9.59;2419.91843;66.8466833;4.08277893;66.8466833;43.4710903;2564.23877;4.08277893;42.5829537;38.36;break
9;107;0.019;0.023;0.142;4.05;9.64;2359.30605;66.1824576;4.07527065;66.1824576;43.2769305;2583.89551;4.07527065;57.4625732;39.042;break
9;108;0.137;0.192;1.237;4.04;9.65;2437.76167;66.0639296;4.05481005;66.0639296;42.6729958;2575.56836;4.05481005;57.2660139;38.986;break
9;109;0.171;0.233;1.555;4.04;9.66;2414.73046;66.1933232;4.07865906;66.1933232;40.2301103;2583.28711;4.07865906;37.4318495;39.0264;break
9;110;0.137;0.179;1.121;4.04;9.64;2364.43125;65.9141511;4.03458214;65.9141511;43.393367;2567.06616;4.03458214;80.2181747;38.9456;break
9;112;0.179;0.237;1.391;4.03;9.66;2403.16721;65.8435974;3.99528217;65.8435974;39.6392342;2563.27808;3.99528217;35.1108011;38.9298;break
9;113;0.440;0.595;3.325;4.04;9.65;2340.68333;65.6365864;4.02167797;65.6365864;36.2695209;2558.90796;4.02167797;16.991026;38.986;break
9;114;0.095;0.128;0.835;4.02;9.66;2296.51785;66.4477411;4.11077881;66.4477411;41.6181487;2580.37842;4.11077881;40.4006787;38.8332;break
10;115;0.159;0.230;1.876;4.04;9.67;2317.21576;66.5711843;4.14125299;66.5711843;42.0716313;2600.72314;4.14125299;44.2310731;39.0668;break
10;116;0.233;0.341;1.730;4.02;9.64;2417.02723;66.0968243;4.02766991;66.0968243;37.9829157;2561.43701;4.02766991;24.8512821;38.7528;break
10;117;0.652;0.972;3.919;4.04;9.66;2435.70355;66.2181837;4.12872648;66.2181837;43.4779681;2584.25732;4.12872648;36.5443984;39.0264;break
10;118;0.174;0.223;1.086;4.03;9.66;2441.7712;66.7005836;4.09601164;66.7005836;49.2854191;2596.64038;4.09601164;14.7522825;38.9298;break
10;119;0.126;0.167;0.885;4.01;9.63;2388.62697;67.263444;4.11597347;67.263444;42.1881566;2597.46533;4.11597347;49.7122813;38.6163;break
10;120;0.802;0.975;2.838;4.03;9.65;2414.19974;66.2632793;4.11534214;66.2632793;42.6282074;2576.9458;4.11534214;67.6379921;38.8895;break
10;121;0.113;0.152;0.965;4.04;9.65;2296.50859;66.6456689;4.09390306;66.6456689;41.388809;2598.24805;4.09390306;53.952813;38.986;break
10;122;0.600;0.839;3.761;4.03;9.66;2389.26611;66.7827252;4.09258556;66.7827252;42.5578428;2599.83813;4.09258556;53.437013;38.9298;break
10;123;0.654;0.895;4.081;4.03;9.65;2420.43331;66.5978925;4.08961296;66.5978925;40.9673864;2589.95874;4.08961296;48.6098591;38.8895;break
10;124;0.104;0.140;0.824;4.03;9.64;2404.02053;66.6048193;4.09844637;66.6048193;42.5417484;2587.54395;4.09844637;41.8745825;38.8492;break
11;125;0.163;0.219;1.367;4.03;9.65;2298.09437;66.863092;4.15121746;66.863092;42.3663665;2600.27222;4.15121746;42.8419366;38.8895;break
11;126;0.118;0.157;0.886;4.04;9.66;2325.38916;66.7590273;4.10784578;66.7590273;42.4561675;2605.3645;4.10784578;40.623809;39.0264;break
11;127;1.203;1.524;5.340;4.04;9.66;2335.63925;66.7995147;4.10023737;66.7995147;42.8662403;2606.94458;4.10023737;47.8526967;39.0264;break
11;128;1.488;1.933;8.348;4.01;9.64;2380.57421;67.2672208;4.05456734;67.2672208;43.1936891;2600.30859;4.05456734;49.3001703;38.6564;break
11;129;0.118;0.150;0.888;4.01;9.64;2375.79638;67.138615;4.06394768;67.138615;43.5122288;2595.33716;4.06394768;40.1463211;38.6564;break
11;130;1.105;1.400;4.497;4.04;9.65;2402.67955;66.7193194;4.06088734;66.7193194;41.4876338;2601.11938;4.06088734;32.3935003;38.986;break
11;131;0.137;0.179;1.000;4.04;9.67;2445.48666;66.4275064;4.05252743;66.4275064;43.177447;2595.11011;4.05252743;47.8772563;39.0668;break
11;132;0.174;0.235;1.136;4.04;9.67;2332.23935;66.354202;4.1344986;66.354202;42.6945721;2592.24634;4.1344986;37.477938;39.0668;break
11;133;0.178;0.255;1.452;4.02;9.66;2371.81408;67.0198871;4.04520988;67.0198871;41.1464203;2602.59668;4.04520988;34.3643538;38.8332;break
11;134;0.213;0.285;1.753;4.03;9.65;2333.41491;66.7136175;4.09865141;66.7136175;41.4128279;2594.45923;4.09865141;44.2151106;38.8895;break
12;135;0.085;0.124;1.041;4.02;9.64;2358.97693;66.6479878;4.08804464;66.6479878;42.5814179;2582.79614;4.08804464;55.2962477;38.7528;break
12;136;0.129;0.168;1.139;4.03;9.66;2353.12964;66.206963;4.11905575;66.206963;39.8822065;2577.42383;4.11905575;33.2276102;38.9298;break
12;137;0.125;0.157;0.840;4.04;9.67;2439.2749;65.4217609;4.04791927;65.4217609;38.3010307;2555.81885;4.04791927;21.3562725;39.0668;break
12;138;0.150;0.193;0.954;4.02;9.66;2349.82998;66.5192169;4.11603546;66.5192169;40.8948341;2583.15405;4.11603546;42.4910435;38.8332;break
12;139;0.459;0.569;2.197;4.03;9.66;2340.00447;66.314334;4.10110331;66.314334;42.3383817;2581.60376;4.10110331;55.0436921;38.9298;break
12;140;0.153;0.194;1.102;4.04;9.67;2324.06679;65.3982885;4.07738113;65.3982885;41.9252661;2554.90186;4.07738113;46.4335355;39.0668;break
12;141;0.163;0.215;1.474;4.04;9.67;2297.07561;66.2822786;4.12811756;66.2822786;65.0679436;2589.43652;4.12811756;5.26184316;39.0668;break
12;142;0.167;0.239;1.194;4.03;9.67;2404.13406;66.447559;4.10231924;66.447559;44.3368637;2589.46802;4.10231924;67.3117046;38.9701;break
12;143;0.056;0.072;0.423;4.03;9.65;2391.69127;66.0883672;4.11901331;66.0883672;37.1720275;2570.14355;4.11901331;27.0734176;38.8895;break
12;144;0.115;0.125;0.563;4.02;9.66;2379.92933;66.8945828;4.09018469;66.8945828;42.2524408;2597.73071;4.09018469;40.0781935;38.8332;break
13;151;0.102;0.129;0.732;4.04;9.65;2329.40484;67.083182;4.11633635;67.083182;36.7938039;2615.30493;4.11633635;37.2632818;38.986;break
13;152;0.116;0.143;0.756;4.03;9.65;2373.29038;67.0553309;4.11752558;67.0553309;42.6228744;2607.74829;4.11752558;44.5520113;38.8895;break
13;153;1.124;1.673;5.529;4.05;9.65;2332.45485;;;66.2735742;65.1999614;2590.13696;4.10826969;4.39996433;39.0825;break
13;154;0.174;0.222;1.198;4.04;9.66;2390.63408;66.549321;4.1234746;66.549321;42.7997319;2597.18042;4.1234746;63.9370237;39.0264;break
13;155;0.880;1.146;4.656;4.03;9.63;2373.64633;66.186682;4.14381981;66.186682;41.7350789;2568.63232;4.14381981;52.8969462;38.8089;break
13;156;0.869;1.171;3.729;4.05;9.65;2340.00408;65.9283759;4.16749287;65.9283759;42.318611;2576.64575;4.16749287;44.5112123;39.0825;break
13;157;0.228;0.283;1.222;4.02;9.64;2343.68509;67.0639734;4.09556961;67.0639734;43.0445365;2598.91675;4.09556961;54.4969612;38.7528;break
13;158;0.113;0.142;0.765;4.03;9.65;2392.20886;66.8909027;4.15160656;66.8909027;41.784072;2601.35376;4.15160656;40.6159898;38.8895;break
13;159;0.977;1.330;5.121;4.02;9.63;2393.20005;66.876385;4.15784979;66.876385;62.6228656;2588.95874;4.15784979;5.77328201;38.7126;break
13;160;0.899;0.124;0.467;4.02;9.63;2383.92887;67.0779341;4.13839388;67.0779341;45.3714085;2596.76123;4.13839388;65.9997764;38.7126;break
14;161;0.085;0.109;0.490;4.04;9.66;2336.80744;66.5022087;4.1289196;66.5022087;42.7258949;2595.3418;4.1289196;63.7696799;39.0264;break
14;162;0.083;0.107;0.432;4.03;9.65;2319.88462;;;66.2757345;56.5703199;2577.43018;4.16607714;4.18718767;38.8895;break
14;163;0.149;0.193;1.013;4.05;9.65;2335.31254;;;54.9011594;53.9241596;2145.67456;2.50294089;2.5074079;39.0825;break
14;164;0.275;0.367;1.282;4.04;9.66;2310.91916;66.3227115;4.08757639;66.3227115;41.5611904;2588.33667;4.08757639;29.2317102;39.0264;break
14;165;0.106;0.131;0.667;4.04;9.66;2329.55848;;;64.1074706;63.9610352;2501.88379;3.32126999;3.32551956;39.0264;break
14;166;0.119;0.154;0.845;4.03;9.65;2334.87124;66.7175411;4.14512253;66.7175411;39.0645434;2594.61182;4.14512253;63.4557502;38.8895;break
14;167;0.074;0.091;0.472;4.04;9.66;2309.26777;65.8517701;4.16245794;65.8517701;40.1931887;2569.95752;4.16245794;38.5858229;39.0264;break
14;168;0.438;0.590;2.035;4.02;9.59;2378.4147;67.0144351;4.16991711;67.0144351;44.7899775;2583.5271;4.16991711;43.3510488;38.5518;break
14;169;0.278;0.402;1.252;4.04;9.64;2254.50155;66.6221135;4.16488314;66.6221135;40.5298381;2594.63818;4.16488314;39.0249624;38.9456;break
14;170;0.359;0.525;1.676;4.04;9.66;2354.48198;66.5057369;4.11952591;66.5057369;38.7524291;2595.47949;4.11952591;27.9676503;39.0264;break
15;171;1.026;1.333;3.593;4.04;9.64;2337.04503;66.6508808;4.14542437;66.6508808;41.9872089;2595.75854;4.14542437;62.1745448;38.9456;break
15;172;0.105;0.134;0.827;4.05;9.64;2327.74553;65.8260017;4.13683987;65.8260017;38.4335355;2569.97876;4.13683987;19.6592733;39.042;break
15;173;0.071;0.094;0.572;4.03;9.66;2375.2168;66.0704492;4.13477516;66.0704492;36.6057635;2572.10938;4.13477516;41.3594065;38.9298;break
15;174;0.152;0.198;1.109;4.03;9.65;2346.09566;66.2659034;4.13176489;66.2659034;42.7561208;2577.04785;4.13176489;48.6928436;38.8895;break
15;175;0.099;0.122;0.571;4.03;9.62;2346.91364;66.1192078;4.11892986;66.1192078;42.4994213;2563.34912;4.11892986;40.7980294;38.7686;break
15;176;0.106;0.132;0.746;4.04;9.64;2301.84862;65.3933237;4.11231613;65.3933237;41.2350485;2546.78223;4.11231613;47.5485658;38.9456;break
15;177;0.105;0.132;0.734;4.04;9.64;2385.97511;65.6699891;4.08981085;65.6699891;40.6318653;2557.55713;4.08981085;28.6401068;38.9456;break
15;178;1.105;1.439;4.872;4.03;9.63;2327.1834;66.5722854;4.14531898;66.5722854;40.8356522;2583.59717;4.14531898;35.4219097;38.8089;break
15;180;0.100;0.127;0.545;4.04;9.65;2343.09545;;;62.5021542;61.4227904;2436.70898;3.10483003;3.10922456;38.986;break
15;181;0.087;0.106;0.416;4.05;9.66;2260.71789;63.387644;3.38590765;63.387644;18.9191355;2479.91479;3.38590765;3.21947891;39.123;break
16;182;1.233;1.643;5.012;4.04;9.64;2236.01181;;;57.6468789;57.6313323;2245.09229;2.69041657;2.69530702;38.9456;break
16;183;1.061;1.409;4.054;4.02;9.64;2359.75894;66.7020225;4.10870504;66.7020225;43.6210258;2584.89014;4.10870504;39.3215432;38.7528;break
16;184;0.502;0.553;3.562;4.02;9.63;2309.34477;66.4669172;4.12412262;66.4669172;42.0435021;2573.10718;4.12412262;49.6134404;38.7126;break
16;185;0.305;0.443;1.477;4.04;9.66;2346.81843;66.77548;4.13136244;66.77548;64.0512373;2606.00659;4.13136244;6.03115741;39.0264;break
16;186;0.099;0.121;0.640;4.04;9.65;2285.82567;66.7659544;4.13607025;66.7659544;42.8234467;2602.9375;4.13607025;50.9538576;38.986;break
16;187;0.081;0.103;0.506;4.05;9.64;2310.50068;66.6902115;4.12253714;66.6902115;40.7211048;2603.71924;4.12253714;50.214962;39.042;break
16;188;0.243;0.306;1.154;4.05;9.66;2331.25979;65.8994162;4.14646149;65.8994162;36.9884092;2578.18286;4.14646149;28.2549299;39.123;break
16;189;0.374;0.527;1.656;4.05;9.64;2333.53584;66.4782315;4.11312437;66.4782315;39.2119347;2595.44312;4.11312437;44.3911367;39.042;break
16;190;0.363;0.530;1.974;4.03;9.63;2323.75042;;;65.0029156;64.5629593;2522.69165;3.3393178;3.34348345;38.8089;break
16;191;0.082;0.103;0.537;4.04;9.64;2389.01777;;;60.3485264;59.7147297;2350.30957;2.83941031;2.84401083;38.9456;break
17;201;0.108;0.142;0.682;4.02;9.65;2408.54768;67.4023032;4.07772112;67.4023032;43.5074824;2614.73755;4.07772112;53.5691928;38.793;break
17;202;0.065;0.091;0.613;4.02;9.63;2340.66483;67.4645345;4.11298609;67.4645345;43.5619977;2611.72754;4.11298609;59.6572462;38.7126;break
17;203;0.405;0.553;0.712;4.03;9.65;2402.33299;66.9447662;4.0377841;66.9447662;43.3060846;2603.44849;4.0377841;34.6876215;38.8895;break
17;204;0.078;0.099;0.604;4.04;9.63;2374.71329;66.8526827;4.09839582;66.8526827;42.9312101;2600.91699;4.09839582;46.8250964;38.9052;break
17;205;0.208;0.313;1.279;4.03;9.63;2379.04289;66.6776633;4.13436174;66.6776633;36.5385202;2587.68677;4.13436174;29.8413894;38.8089;break
17;206;0.110;0.145;0.855;4.05;9.66;2347.60933;66.5564361;4.11897945;66.5564361;42.0617735;2603.88745;4.11897945;59.3504109;39.123;break
17;207;0.184;0.297;1.232;4.04;9.66;2420.54164;66.3546285;4.02973318;66.3546285;42.5873544;2589.58228;4.02973318;41.2504002;39.0264;break
17;208;0.081;0.106;0.614;4.03;9.65;2336.28778;67.1297605;4.12392378;67.1297605;41.9258845;2610.64282;4.12392378;44.9752548;38.8895;break
17;209;0.095;0.122;0.702;4.04;9.65;2406.36613;67.124419;4.16700363;67.124419;41.7347677;2616.9126;4.16700363;43.5248468;38.986;break
17;210;0.140;0.179;1.020;4.02;9.63;2322.4315;;;62.94432;62.1453634;2436.73828;3.06241155;3.06641698;38.7126;break
18;217;0.104;0.123;0.670;4.03;9.66;2380.59393;67.1518792;4.10118151;67.1518792;41.246974;2614.20923;4.10118151;55.4418563;38.9298;break
18;218;0.110;0.139;0.773;4.02;9.65;2344.17431;67.0983499;4.10509634;67.0983499;42.6758605;2602.94629;4.10509634;58.0694707;38.793;break
18;219;0.179;0.231;1.192;4.05;9.66;2386.9955;66.6611802;4.04776335;66.6611802;42.996897;2607.98535;4.04776335;40.7296192;39.123;break
18;220;0.255;0.381;1.482;4.04;9.66;2440.14394;66.6435143;4.09318495;66.6435143;41.8885711;2600.85645;4.09318495;37.8491816;39.0264;break
18;221;0.117;0.149;0.822;4.04;9.65;2409.93627;66.8071476;4.12245464;66.8071476;41.3484863;2604.54346;4.12245464;39.9911787;38.986;break
18;222;0.164;0.232;1.138;4.03;9.66;2398.36173;66.8529951;4.11391449;66.8529951;41.2871198;2602.57373;4.11391449;44.301122;38.9298;break
18;223;0.074;0.094;0.585;4.03;9.67;2419.61409;66.7824762;4.11825228;66.7824762;37.9984612;2602.51978;4.11825228;35.8987107;38.9701;break
18;224;0.114;0.146;0.859;4.02;9.63;2413.02913;67.2602547;4.12026072;67.2602547;42.8725344;2603.81934;4.12026072;56.9215538;38.7126;break
18;225;0.133;0.168;0.866;4.04;9.65;2387.97974;66.6326622;4.08280039;66.6326622;42.5526914;2597.74097;4.08280039;45.3836169;38.986;break
18;226;0.114;0.147;0.885;4.02;9.61;2409.39554;66.9717456;4.09346104;66.9717456;43.2393736;2587.26587;4.09346104;42.9207048;38.6322;break
19;236;0.271;0.344;1.579;4.01;9.63;2477.21945;66.9633789;4.12160158;66.9633789;40.7964059;2585.87793;4.12160158;39.242839;38.6163;break
19;237;0.086;0.107;0.439;4.02;9.66;2453.74574;;;66.6284644;56.6903519;2587.39648;4.09024191;4.20850849;38.8332;break
19;238;0.134;0.168;0.761;4.03;9.6;2470.13536;67.5412061;4.11301231;67.5412061;43.2537164;2613.03418;4.11301231;48.4238315;38.688;break
19;239;0.162;0.209;1.267;4.04;9.68;2439.42241;66.1345709;4.03894854;66.1345709;35.3260257;2586.33789;4.03894854;22.6986662;39.1072;break
19;240;0.440;0.656;2.451;4.03;9.64;2466.14084;67.1123217;4.10066462;67.1123217;43.5719362;2607.26001;4.10066462;55.3125228;38.8492;break
19;241;0.114;0.151;1.051;4.04;9.62;2473.04051;66.6297273;4.107903;66.6297273;42.3932951;2589.55103;4.107903;43.6293105;38.8648;break
19;242;0.149;0.206;1.340;4.06;9.59;2442.05858;66.7296159;4.1412158;66.7296159;42.5003641;2598.14429;4.1412158;42.2525562;38.9354;break
19;243;0.121;0.155;0.918;4.05;9.6;2439.90712;67.0679414;4.1291256;67.0679414;42.00236;2607.60156;4.1291256;72.7858067;38.88;break
19;244;0.225;0.272;1.162;4.05;9.63;2438.59233;66.0538059;4.07380629;66.0538059;42.5591792;2576.19751;4.07380629;45.7267992;39.0015;break
19;245;0.079;0.104;0.708;4.05;9.65;2444.93868;66.4973596;4.09752798;66.4973596;43.263521;2598.88306;4.09752798;40.8175934;39.0825;break
20;252;0.122;0.152;0.733;4.04;9.62;2444.60484;66.5154552;4.05298567;66.5154552;40.6979836;2585.10986;4.05298567;33.1546661;38.8648;break
20;253;0.164;0.206;1.054;4.04;9.58;2474.61591;67.8069752;4.1538415;67.8069752;42.4525696;2624.34692;4.1538415;49.956673;38.7032;break
20;254;0.525;0.698;2.386;4.04;9.58;2444.99252;67.2219125;4.15206957;67.2219125;57.0527318;2601.70313;4.15206957;4.67363024;38.7032;break
20;255;0.208;0.295;1.222;4.05;9.63;2457.73372;66.7405283;4.14845657;66.7405283;44.3806298;2602.98071;4.14845657;50.0115793;39.0015;break
20;256;0.135;0.173;0.642;4.04;9.61;2453.17259;67.2065292;4.13418436;67.2065292;44.2815746;2609.25317;4.13418436;51.4164798;38.8244;break
20;257;0.265;0.389;1.656;4.05;9.57;2453.49349;66.9647464;4.13735533;66.9647464;39.2296949;2595.45313;4.13735533;50.518196;38.7585;break
20;258;1.266;1.523;5.488;4.05;9.61;2460.90199;67.0398972;4.12994957;67.0398972;41.7520489;2609.22632;4.12994957;44.8282697;38.9205;break
20;259;0.989;1.172;3.669;4.04;9.62;2457.0609;67.2152344;4.17147827;67.2152344;42.5426604;2612.30664;4.17147827;50.9186653;38.8648;break
20;260;0.093;0.121;0.645;4.05;9.61;2428.19128;66.6118348;4.15785551;66.6118348;42.6608902;2592.56592;4.15785551;63.6256569;38.9205;break
20;261;0.121;0.149;0.809;4.05;9.61;2453.34663;67.1811293;4.13565207;67.1811293;42.7644417;2614.72314;4.13565207;52.1567322;38.9205;break
21;268;0.117;0.161;1.003;4.03;9.58;2499.3597;67.6619875;4.05660629;67.6619875;44.6780398;2612.25342;4.05660629;45.0831732;38.6074;break
21;269;0.273;0.348;1.131;4.04;9.64;2460.10527;67.1708243;4.10887575;67.1708243;43.326238;2616.00806;4.10887575;50.3381924;38.9456;break
21;270;0.193;0.265;1.461;4.04;9.62;2405.31452;66.7792905;4.08743048;66.7792905;42.2443537;2595.36377;4.08743048;29.5586617;38.8648;break
21;271;0.171;0.233;1.164;4.04;9.61;2467.03581;67.2290163;4.11026001;67.2290163;44.9134795;2610.12622;4.11026001;76.9059657;38.8244;break
21;272;0.142;0.195;1.343;4.04;9.61;2482.5739;67.2077366;4.14508247;67.2077366;42.5100641;2609.30005;4.14508247;37.2946234;38.8244;break
21;273;0.231;0.314;1.498;4.04;9.62;2465.71582;67.2709602;4.1399107;67.2709602;39.8268026;2614.47241;4.1399107;46.8553539;38.8648;break
21;274;0.108;0.135;0.711;4.04;9.61;2484.39028;67.4407507;4.14370966;67.4407507;42.1039009;2618.34668;4.14370966;43.5045692;38.8244;break
21;275;0.115;0.154;0.781;4.04;9.64;2474.41089;67.2994718;4.12108135;67.2994718;41.2736202;2621.01831;4.12108135;52.5559338;38.9456;break
21;276;0.404;0.486;1.854;4.04;9.63;2474.05748;67.0965523;4.06187201;67.0965523;41.8591806;2610.40479;4.06187201;42.7574146;38.9052;break
21;277;0.125;0.162;0.929;4.03;9.63;2491.81093;67.6332232;4.13623619;67.6332232;42.5730473;2624.771;4.13623619;35.2066873;38.8089;break
22;283;0.087;0.110;0.732;4.05;9.61;2393.27324;66.9112295;4.1015048;66.9112295;43.3043512;2604.21851;4.1015048;62.6968472;38.9205;break
22;284;0.214;0.270;1.353;4.04;9.64;2454.88659;;;61.528376;60.3109828;2396.25952;2.9769516;2.98169708;38.9456;break
22;285;0.137;0.175;1.049;4.04;9.64;2454.4377;66.7416713;4.17371321;66.7416713;41.9804856;2599.29443;4.17371321;43.4027473;38.9456;break
22;286;0.152;0.189;1.023;4.03;9.6;2487.74035;67.4630316;4.14831734;67.4630316;38.5118395;2610.00977;4.14831734;46.5850621;38.688;break
22;287;0.909;1.252;1.200;4.04;9.63;2442.54287;67.3377485;4.20706081;67.3377485;43.6332967;2619.78857;4.20706081;52.4990645;38.9052;break
22;288;0.121;0.151;0.824;4.04;9.64;2469.52663;66.8639184;4.13832998;66.8639184;41.8056405;2604.05542;4.13832998;41.946045;38.9456;break
22;289;0.212;0.340;2.544;4.03;9.62;2477.3163;67.5974738;4.15203762;67.5974738;40.7755796;2620.65942;4.15203762;43.0697304;38.7686;break
22;290;0.109;0.140;0.905;4.03;9.61;2476.01465;67.2880341;4.11780787;67.2880341;42.9542396;2605.95117;4.11780787;51.4588478;38.7283;break
22;291;0.207;0.292;1.814;4.04;9.64;2450.74272;66.9446161;4.11890411;66.9446161;41.3378875;2607.19824;4.11890411;39.2418173;38.9456;break
22;292;0.195;0.273;1.624;4.04;9.63;2466.97216;67.0796718;4.1319418;67.0796718;42.7282114;2609.74805;4.1319418;49.8798479;38.9052;break
23;293;0.142;0.193;1.333;4.05;9.65;2435.62808;65.9084549;4.07805204;65.9084549;36.9513434;2575.86719;4.07805204;35.6789273;39.0825;break
23;294;0.159;0.167;1.637;4.04;9.6;2429.71686;66.8493151;4.11033106;66.8493151;41.9040214;2592.68384;4.11033106;40.0248156;38.784;break
23;295;0.171;0.226;1.084;4.04;9.64;2446.998;66.6724078;4.10863495;66.6724078;41.8824641;2596.59692;4.10863495;60.7995139;38.9456;break
23;296;0.227;0.303;1.246;4.04;9.64;2452.27188;67.0005272;4.1063242;67.0005272;39.2713751;2609.37573;4.1063242;66.7429782;38.9456;break
23;297;0.579;0.703;2.610;4.04;9.63;2459.96908;66.2758913;4.07251644;66.2758913;41.0115674;2578.47681;4.07251644;66.4609023;38.9052;break
23;298;0.273;0.402;1.374;4.04;9.63;2456.74953;67.057564;4.03926802;67.057564;40.4481549;2608.88794;4.03926802;29.9348539;38.9052;break
23;299;0.125;0.167;1.052;4.03;9.61;2468.153;67.4454496;4.13615417;67.4454496;42.5744276;2612.04761;4.13615417;49.3330479;38.7283;break
23;300;0.582;0.897;3.609;4.04;9.6;2440.94827;67.297435;4.16905689;67.297435;42.298361;2610.06372;4.16905689;41.5219679;38.784;break
23;301;1.111;1.316;4.028;4.05;9.61;2464.70895;67.2610323;4.13800955;67.2610323;41.6658888;2617.83301;4.13800955;48.2312119;38.9205;break
23;302;0.114;0.143;0.759;4.03;9.6;2487.05229;67.6074411;4.1414423;67.6074411;40.5115612;2615.59668;4.1414423;43.1593845;38.688;break
23;303;0.097;0.139;0.993;4.03;9.62;2477.89824;67.6571604;4.10532141;67.6571604;45.2429791;2622.97339;4.10532141;80.9149401;38.7686;break
23;304;0.119;0.156;0.982;4.04;9.62;2464.78601;66.8793155;4.10420179;66.8793155;42.3009747;2599.25122;4.10420179;38.1665937;38.8648;break
23;305;0.133;0.233;1.472;4.04;9.61;2487.00843;67.645549;4.08666182;67.645549;46.4702781;2626.29785;4.08666182;75.0350103;38.8244;break
24;306;0.223;0.358;1.542;4.04;9.6;2451.58464;67.3487131;4.15385056;67.3487131;42.1039972;2612.05249;4.15385056;56.1911384;38.784;break
24;307;0.147;0.188;0.996;4.04;9.61;2421.1799;67.4880263;4.13453579;67.4880263;42.2751101;2620.18213;4.13453579;46.2002147;38.8244;break
24;308;0.133;0.167;1.002;4.04;9.63;2425.05046;67.2654951;4.14542675;67.2654951;41.2718154;2616.97754;4.14542675;60.2708829;38.9052;break
24;309;0.136;0.172;1.003;4.04;9.64;2451.38611;66.8218237;4.09674168;66.8218237;44.0424031;2602.41602;4.09674168;48.9307959;38.9456;break
24;310;1.228;1.597;5.305;4.03;9.63;2417.99964;67.4296138;4.14378738;67.4296138;43.6678204;2616.86914;4.14378738;49.2247345;38.8089;break
24;311;0.074;0.092;0.476;4.03;9.63;2451.67932;67.5053807;4.12089443;67.5053807;44.5504065;2619.80957;4.12089443;44.9009603;38.8089;break
24;312;0.111;0.142;0.795;4.03;9.63;2461.5971;67.360597;4.1300559;67.360597;44.687962;2614.19067;4.1300559;78.900272;38.8089;break
24;313;0.126;0.163;0.933;4.04;9.6;2407.44542;67.2215125;4.11334658;67.2215125;38.5060483;2607.11914;4.11334658;32.5856743;38.784;break
24;314;0.125;0.169;0.760;4.04;9.64;2458.09465;67.3140342;4.10480976;67.3140342;46.7895461;2621.58545;4.10480976;60.5974524;38.9456;break
24;315;0.111;0.141;0.757;4.02;9.6;2496.02904;67.7627956;4.05672407;67.7627956;43.8662445;2615.10181;4.05672407;51.3879278;38.592;break
25;316;0.143;0.187;1.078;4.04;9.61;2432.23207;67.1908524;4.15337563;67.1908524;43.198435;2608.64453;4.15337563;48.2474259;38.8244;break
25;317;0.087;0.114;0.672;4.04;9.6;2449.21575;67.141876;4.10875893;67.141876;42.53333;2604.03052;4.10875893;54.1925227;38.784;break
25;318;0.092;0.123;0.510;4.02;9.63;2459.70679;67.6199075;4.11016083;67.6199075;40.4886213;2617.74243;4.11016083;35.0841286;38.7126;break
25;320;0.109;0.138;0.837;4.04;9.62;2393.70767;67.1554066;4.12199402;67.1554066;38.7375114;2609.98145;4.12199402;29.1421733;38.8648;break
25;321;0.119;0.149;0.871;4.03;9.61;2457.55875;67.4660446;4.09931374;67.4660446;45.2121352;2612.84521;4.09931374;56.1510769;38.7283;break
25;322;0.138;0.253;1.929;4.04;9.6;2454.39241;67.5430864;4.09939289;67.5430864;43.8906226;2619.59106;4.09939289;65.9539536;38.784;break
25;323;0.116;0.148;0.860;4.03;9.59;2472.13543;67.598868;4.10915899;67.598868;39.7695076;2612.54077;4.10915899;41.3036341;38.6477;break
25;324;0.129;0.161;0.858;4.04;9.62;2461.46119;67.377424;4.15709257;67.377424;43.4574276;2618.61011;4.15709257;52.5919869;38.8648;break
25;325;0.119;0.150;0.805;4.04;9.63;2485.41319;67.4512744;4.09435415;67.4512744;41.0115047;2624.20532;4.09435415;45.0296083;38.9052;break
25;326;0.107;0.137;0.804;4.03;9.61;2484.68453;67.6733557;4.12600613;67.6733557;41.4267902;2620.87402;4.12600613;37.262647;38.7283;break
